expName,afName,exp,alterPred_avg
M244V_axitinib,M244V_axitinib,-0.1099999994039535,0.2737328708171845
L248R_axitinib,L248R_axitinib,0.3100000023841858,1.1109053641557693
L248V_axitinib,L248V_axitinib,0.3199999928474426,0.9399866238236427
G250E_axitinib,G250E_axitinib,0.270000010728836,0.4826576347113587
Q252H_axitinib,Q252H_axitinib,0.2000000029802322,0.38434556452557433
Y253F_axitinib,Y253F_axitinib,0.2599999904632568,0.24944986647460607
Y253H_axitinib,Y253H_axitinib,0.0299999993294477,2.0523055871017273
E255K_axitinib,E255K_axitinib,0.2599999904632568,0.8734918609261513
E255V_axitinib,E255V_axitinib,0.3000000119209289,1.3656150344759226
D276G_axitinib,D276G_axitinib,0.1800000071525573,0.3387306621298194
E279K_axitinib,E279K_axitinib,-0.0299999993294477,1.0580115392804146
E292L_axitinib,E292L_axitinib,0.0299999993294477,0.3048217501491307
V299L_axitinib,V299L_axitinib,-0.8799999952316284,1.1918867155909538
T315A_axitinib,T315A_axitinib,-0.449999988079071,1.031521737575531
T315I_axitinib,T315I_axitinib,-1.2699999809265137,2.2694906555116177
T315V_axitinib,T315V_axitinib,-1.7300000190734863,2.6345031832461245
F317L_axitinib,F317L_axitinib,0.2300000041723251,0.22628343477845198
F317R_axitinib,F317R_axitinib,0.270000010728836,1.8712826520204542
F317V_axitinib,F317V_axitinib,0.2800000011920929,1.38577513769269
M343T_axitinib,M343T_axitinib,0.209999993443489,0.592456428334117
M351T_axitinib,M351T_axitinib,-0.2399999946355819,0.6943958876654505
F359I_axitinib,F359I_axitinib,0.1000000014901161,0.5520076025277375
F359V_axitinib,F359V_axitinib,0.0700000002980232,0.2635723128914832
L384M_axitinib,L384M_axitinib,0.0599999986588954,0.8497123382985592
H396R_axitinib,H396R_axitinib,0.25,0.5270961471833289
F486S_axitinib,F486S_axitinib,0.050000000745058,1.33452364243567
