expName,afName,exp,alterPred_avg
M244V_bosutinib,M244V_bosutinib,0.4300000071525574,0.025009451434016196
L248R_bosutinib,L248R_bosutinib,1.5,-0.32334502786397923
L248V_bosutinib,L248V_bosutinib,0.5600000023841858,0.3198297582566737
G250E_bosutinib,G250E_bosutinib,0.1099999994039535,0.017967654974199797
Y253F_bosutinib,Y253F_bosutinib,-0.3400000035762787,0.029112698975950445
E255K_bosutinib,E255K_bosutinib,0.5600000023841858,0.18779880553483957
E255V_bosutinib,E255V_bosutinib,0.6600000262260437,0.29565554112195974
V299L_bosutinib,V299L_bosutinib,1.7000000476837158,-0.3412167504429817
T315A_bosutinib,T315A_bosutinib,0.3199999928474426,-0.35696175694465637
T315I_bosutinib,T315I_bosutinib,2.450000047683716,1.0971279218792915
F317C_bosutinib,F317C_bosutinib,0.5,0.06716712750494475
F317I_bosutinib,F317I_bosutinib,0.7099999785423279,0.0357245961204171
F317L_bosutinib,F317L_bosutinib,0.0900000035762786,0.3859793655574321
F317V_bosutinib,F317V_bosutinib,1.7200000286102295,-0.028487362898886162
M351T_bosutinib,M351T_bosutinib,0.1899999976158142,-0.19386621005833138
E355A_bosutinib,E355A_bosutinib,0.0199999995529651,0.0647299331612885
F359C_bosutinib,F359C_bosutinib,-0.0099999997764825,0.08109763963148
F359I_bosutinib,F359I_bosutinib,0.0399999991059303,0.0957712549716234
F359V_bosutinib,F359V_bosutinib,-0.1099999994039535,0.2945667996536939
H396R_bosutinib,H396R_bosutinib,-0.1000000014901161,0.2492208112962544
E459K_bosutinib,E459K_bosutinib,0.3499999940395355,-0.14410185068845746
