expName,afName,exp,alterPred_avg
M244V_dasatinib,M244V_dasatinib,0.0,1.8462745025753975
L248R_dasatinib,L248R_dasatinib,0.6499999761581421,2.402113719843328
L248V_dasatinib,L248V_dasatinib,0.550000011920929,2.438048478215933
G250E_dasatinib,G250E_dasatinib,0.4099999964237213,2.427494430914521
Y253F_dasatinib,Y253F_dasatinib,0.2399999946355819,2.2978986548259854
E255K_dasatinib,E255K_dasatinib,0.8999999761581421,2.2773012556135654
E255V_dasatinib,E255V_dasatinib,1.0199999809265137,2.8162374600651674
V299L_dasatinib,V299L_dasatinib,1.2400000095367432,2.3362192260101438
T315A_dasatinib,T315A_dasatinib,2.0199999809265137,2.344568962813355
T315I_dasatinib,T315I_dasatinib,5.079999923706055,3.459686405956745
F317C_dasatinib,F317C_dasatinib,1.8600000143051147,2.444781083613634
F317I_dasatinib,F317I_dasatinib,1.7899999618530271,2.260032808408141
F317L_dasatinib,F317L_dasatinib,0.959999978542328,2.3809886295348406
F317V_dasatinib,F317V_dasatinib,2.359999895095825,2.4832118190824986
M351T_dasatinib,M351T_dasatinib,0.0,2.5107447002083063
E355A_dasatinib,E355A_dasatinib,0.2399999946355819,2.675720565021038
F359C_dasatinib,F359C_dasatinib,0.0,2.283867157995701
F359I_dasatinib,F359I_dasatinib,0.2399999946355819,1.89467185549438
F359V_dasatinib,F359V_dasatinib,0.0,1.7752464227378368
H396R_dasatinib,H396R_dasatinib,0.0,1.798175445292145
E459K_dasatinib,E459K_dasatinib,0.4099999964237213,2.4841248709708452
