expName,afName,exp,alterPred_avg
M244V_imatinib,M244V_imatinib,0.209999993443489,-0.2572261355817317
L248R_imatinib,L248R_imatinib,2.3299999237060547,-0.03606193140149121
L248V_imatinib,L248V_imatinib,0.6399999856948853,0.23734200373291964
G250E_imatinib,G250E_imatinib,1.0099999904632568,-0.08498223125934605
Y253F_imatinib,Y253F_imatinib,1.899999976158142,-0.20564237795770168
E255K_imatinib,E255K_imatinib,1.5,-0.21030831895768634
E255V_imatinib,E255V_imatinib,2.220000028610229,-0.33150126785039896
V299L_imatinib,V299L_imatinib,0.2300000041723251,-0.23391232220455996
T315A_imatinib,T315A_imatinib,0.5099999904632568,-0.0731381624937057
T315I_imatinib,T315I_imatinib,2.319999933242798,0.0647995881736279
F317C_imatinib,F317C_imatinib,0.2800000011920929,0.054060213267803206
F317I_imatinib,F317I_imatinib,0.1700000017881393,-0.0482920557260513
F317L_imatinib,F317L_imatinib,0.7200000286102295,-0.005318835377693204
F317V_imatinib,F317V_imatinib,0.9700000286102296,-0.03265558928251264
M351T_imatinib,M351T_imatinib,0.4199999868869781,-0.09422712912783024
E355A_imatinib,E355A_imatinib,0.4699999988079071,-0.1335718655027448
F359C_imatinib,F359C_imatinib,0.7699999809265137,-0.19693796534556895
F359I_imatinib,F359I_imatinib,0.2800000011920929,-0.28423168323934067
F359V_imatinib,F359V_imatinib,0.3199999928474426,-0.2058164821937679
H396R_imatinib,H396R_imatinib,0.4000000059604645,-0.19680613931268448
E459K_imatinib,E459K_imatinib,0.6600000262260437,-0.14058218104764816
