expName,afName,exp,alterPred_avg
M244V_nilotinib,M244V_nilotinib,-0.1299999952316284,0.29323577880859375
L248R_nilotinib,L248R_nilotinib,2.150000095367432,0.4758587777614594
L248V_nilotinib,L248V_nilotinib,0.3300000131130218,0.19198508560657504
G250E_nilotinib,G250E_nilotinib,0.6000000238418579,0.4811163954436779
Y253F_nilotinib,Y253F_nilotinib,1.4800000190734863,0.435869164764881
E255K_nilotinib,E255K_nilotinib,1.2699999809265137,0.36679489724338055
E255V_nilotinib,E255V_nilotinib,2.359999895095825,0.5296443551778793
V299L_nilotinib,V299L_nilotinib,0.2800000011920929,0.6599323377013206
T315A_nilotinib,T315A_nilotinib,0.7200000286102295,0.6857334598898888
T315I_nilotinib,T315I_nilotinib,3.75,1.284821629524231
F317C_nilotinib,F317C_nilotinib,0.0399999991059303,0.39680280815809954
F317I_nilotinib,F317I_nilotinib,0.3000000119209289,0.2853054627776146
F317L_nilotinib,F317L_nilotinib,0.2000000029802322,0.3663329817354679
F317V_nilotinib,F317V_nilotinib,0.3300000131130218,0.38276563957333565
M351T_nilotinib,M351T_nilotinib,0.0,0.45263994857668866
E355A_nilotinib,E355A_nilotinib,0.1099999994039535,0.36458891304209834
F359C_nilotinib,F359C_nilotinib,0.6800000071525574,0.35009581595659256
F359I_nilotinib,F359I_nilotinib,0.8600000143051147,0.2825569622218609
F359V_nilotinib,F359V_nilotinib,0.6000000238418579,0.3578328341245652
H396R_nilotinib,H396R_nilotinib,0.25,0.3434201227501035
E459K_nilotinib,E459K_nilotinib,0.550000011920929,0.518071947619319
