expName,afName,exp,alterPred_avg
M244V_ponatinib,M244V_ponatinib,0.0,1.9844649136066441
L248R_ponatinib,L248R_ponatinib,0.5799999833106995,4.460714680142701
L248V_ponatinib,L248V_ponatinib,0.1700000017881393,4.163120590150356
G250E_ponatinib,G250E_ponatinib,0.3000000119209289,3.2565422654151917
Y253F_ponatinib,Y253F_ponatinib,0.3000000119209289,2.065005569718778
E255K_ponatinib,E255K_ponatinib,0.4099999964237213,2.423642775043845
E255V_ponatinib,E255V_ponatinib,1.0,4.289586827158928
V299L_ponatinib,V299L_ponatinib,0.1700000017881393,4.0606084279716015
T315A_ponatinib,T315A_ponatinib,0.1700000017881393,3.2993597669992596
T315I_ponatinib,T315I_ponatinib,0.4099999964237213,5.239927593618631
F317C_ponatinib,F317C_ponatinib,0.0,3.3975343704223633
F317I_ponatinib,F317I_ponatinib,0.5099999904632568,3.404030059464276
F317L_ponatinib,F317L_ponatinib,0.1700000017881393,2.804153349250555
F317V_ponatinib,F317V_ponatinib,0.7200000286102295,3.8085784884169698
M351T_ponatinib,M351T_ponatinib,0.1700000017881393,2.9799695760011673
E355A_ponatinib,E355A_ponatinib,0.5099999904632568,3.5327657982707024
F359C_ponatinib,F359C_ponatinib,0.4099999964237213,3.600267450325191
F359I_ponatinib,F359I_ponatinib,0.7699999809265137,2.5522744599729776
F359V_ponatinib,F359V_ponatinib,0.1700000017881393,1.8246976099908347
H396R_ponatinib,H396R_ponatinib,0.1700000017881393,2.3918729037977755
E459K_ponatinib,E459K_ponatinib,0.3000000119209289,3.2136439932510257
