Key,Value
axitinib,0.9968113684399913
bosutinib,0.6053417491382875
dasatinib,1.567049324038505
imatinib,0.9878576546519374
nilotinib,0.551620564135235
ponatinib,2.9210838789364235
