Key,Value
axitinib,1.4358254272635527
bosutinib,0.8421831057218835
dasatinib,1.7026485739511104
imatinib,1.224232669867505
nilotinib,0.8572441658521491
ponatinib,3.0306502382046676
