Key,Value
axitinib,-0.6026031243466333
bosutinib,0.19553512577866305
dasatinib,0.700976157189706
imatinib,0.02699355790220763
nilotinib,0.7092973790185293
ponatinib,0.37126223951558807
