Key,Value
axitinib,-0.14400549184715214
bosutinib,-0.1377070550056195
dasatinib,0.43733051910557447
imatinib,0.1903215430030496
nilotinib,0.37102022127316164
ponatinib,0.4254503912136919
