Key,Value
axitinib,0.6782036003396991
bosutinib,0.5143865974331719
dasatinib,0.7668913076498678
imatinib,0.4915172305157674
nilotinib,0.6215869556402877
ponatinib,0.2693533441317933
