Key,Value
axitinib,1.0774636172790935
bosutinib,0.6465735247590424
dasatinib,1.2724946424927108
imatinib,0.7541276356844894
nilotinib,0.8536311685591239
ponatinib,0.3549860684409643
