Key,Value
axitinib,-0.4644227769311039
bosutinib,0.39674002585398466
dasatinib,0.1278797051506238
imatinib,0.4896874034384024
nilotinib,0.4651974347939966
ponatinib,0.44514620705035124
