Key,Value
axitinib,-0.06977938322284807
bosutinib,0.4527444214099849
dasatinib,0.45631642487512786
imatinib,0.3994803718323396
nilotinib,0.2475634050876963
ponatinib,0.1811980605325084
