expName,afName,exp,alterPred_avg
M244V_axitinib,M244V_axitinib,-0.10999999940395351,0.33322605937719346
L248R_axitinib,L248R_axitinib,0.3100000023841858,1.387710553407669
L248V_axitinib,L248V_axitinib,0.3199999928474426,0.5952769696712494
G250E_axitinib,G250E_axitinib,0.270000010728836,0.3668842613697052
Q252H_axitinib,Q252H_axitinib,0.20000000298023218,0.4141545807942748
Y253F_axitinib,Y253F_axitinib,0.2599999904632568,0.39171864092350006
Y253H_axitinib,Y253H_axitinib,0.0299999993294477,0.5212741368915885
E255K_axitinib,E255K_axitinib,0.2599999904632568,0.37164725214242944
E255V_axitinib,E255V_axitinib,0.3000000119209289,0.9401558429002762
D276G_axitinib,D276G_axitinib,0.1800000071525573,0.3880960805341601
E279K_axitinib,E279K_axitinib,-0.0299999993294477,1.1286746017634868
E292L_axitinib,E292L_axitinib,0.0299999993294477,0.4037632204592228
V299L_axitinib,V299L_axitinib,-0.8799999952316284,0.9411009974777699
T315A_axitinib,T315A_axitinib,-0.44999998807907093,0.40433834195137025
T315I_axitinib,T315I_axitinib,-1.2699999809265137,2.559730565547943
T315V_axitinib,T315V_axitinib,-1.7300000190734863,0.7571846268372611
F317L_axitinib,F317L_axitinib,0.23000000417232508,0.3061681315302849
F317R_axitinib,F317R_axitinib,0.270000010728836,0.626799464225769
F317V_axitinib,F317V_axitinib,0.2800000011920929,1.0364161267876626
M343T_axitinib,M343T_axitinib,0.209999993443489,0.39952434301376344
M351T_axitinib,M351T_axitinib,-0.2399999946355819,0.40460384879261246
F359I_axitinib,F359I_axitinib,0.10000000149011609,0.36899514049291604
F359V_axitinib,F359V_axitinib,0.0700000002980232,0.380858327075839
L384M_axitinib,L384M_axitinib,0.0599999986588954,0.4488045118749141
H396R_axitinib,H396R_axitinib,0.25,0.3587301645427942
F486S_axitinib,F486S_axitinib,0.05000000074505799,0.36745686009526246
