expName,afName,exp,alterPred_avg
M244V_bosutinib,M244V_bosutinib,0.4300000071525574,0.18293723538517953
L248R_bosutinib,L248R_bosutinib,1.5,1.072787994146347
L248V_bosutinib,L248V_bosutinib,0.5600000023841858,0.786614467203617
G250E_bosutinib,G250E_bosutinib,0.10999999940395351,0.697073809034191
Y253F_bosutinib,Y253F_bosutinib,-0.3400000035762787,0.49346213284879925
E255K_bosutinib,E255K_bosutinib,0.5600000023841858,0.5726681925356388
E255V_bosutinib,E255V_bosutinib,0.6600000262260437,1.443318535387516
V299L_bosutinib,V299L_bosutinib,1.7000000476837158,0.48964168615639203
T315A_bosutinib,T315A_bosutinib,0.3199999928474426,0.5535322397947312
T315I_bosutinib,T315I_bosutinib,2.450000047683716,0.7111839592456818
F317C_bosutinib,F317C_bosutinib,0.5,0.3343309640884399
F317I_bosutinib,F317I_bosutinib,0.7099999785423279,0.3300040557514876
F317L_bosutinib,F317L_bosutinib,0.0900000035762786,0.5063803203403949
F317V_bosutinib,F317V_bosutinib,1.7200000286102295,0.8518475230783225
M351T_bosutinib,M351T_bosutinib,0.1899999976158142,0.49768899492919455
E355A_bosutinib,E355A_bosutinib,0.0199999995529651,0.5551859175786376
F359C_bosutinib,F359C_bosutinib,-0.0099999997764825,0.4848206290975213
F359I_bosutinib,F359I_bosutinib,0.0399999991059303,0.3254954082891345
F359V_bosutinib,F359V_bosutinib,-0.10999999940395351,0.309397632186301
H396R_bosutinib,H396R_bosutinib,-0.10000000149011609,0.4470342492684722
E459K_bosutinib,E459K_bosutinib,0.3499999940395355,0.432179338671267
