expName,afName,exp,alterPred_avg
M244V_dasatinib,M244V_dasatinib,0.0,0.19766917973756795
L248R_dasatinib,L248R_dasatinib,0.6499999761581421,1.2962003633379937
L248V_dasatinib,L248V_dasatinib,0.550000011920929,0.21621462851762777
G250E_dasatinib,G250E_dasatinib,0.4099999964237213,0.2936489775776863
Y253F_dasatinib,Y253F_dasatinib,0.2399999946355819,0.30133382491767396
E255K_dasatinib,E255K_dasatinib,0.8999999761581421,0.42689286824315786
E255V_dasatinib,E255V_dasatinib,1.0199999809265137,1.0800348645774647
V299L_dasatinib,V299L_dasatinib,1.2400000095367432,0.3508308608084917
T315A_dasatinib,T315A_dasatinib,2.0199999809265137,0.3494301908416674
T315I_dasatinib,T315I_dasatinib,5.079999923706055,0.5152008980512619
F317C_dasatinib,F317C_dasatinib,1.8600000143051147,0.6458715770393609
F317I_dasatinib,F317I_dasatinib,1.789999961853027,0.3106520753353833
F317L_dasatinib,F317L_dasatinib,0.9599999785423281,0.34635023400187487
F317V_dasatinib,F317V_dasatinib,2.359999895095825,0.31853512618690727
M351T_dasatinib,M351T_dasatinib,0.0,0.34553429558873167
E355A_dasatinib,E355A_dasatinib,0.2399999946355819,0.6278646063059569
F359C_dasatinib,F359C_dasatinib,0.0,0.3021591048687696
F359I_dasatinib,F359I_dasatinib,0.2399999946355819,0.28250604271888735
F359V_dasatinib,F359V_dasatinib,0.0,0.312696462497115
H396R_dasatinib,H396R_dasatinib,0.0,0.32275017891079183
E459K_dasatinib,E459K_dasatinib,0.4099999964237213,0.38040383011102674
