expName,afName,exp,alterPred_avg
M244V_nilotinib,M244V_nilotinib,-0.1299999952316284,0.15785941481590277
L248R_nilotinib,L248R_nilotinib,2.150000095367432,1.0492837458848954
L248V_nilotinib,L248V_nilotinib,0.3300000131130218,0.11924992799758911
G250E_nilotinib,G250E_nilotinib,0.6000000238418579,0.37475029081106187
Y253F_nilotinib,Y253F_nilotinib,1.4800000190734863,0.3077265843749045
E255K_nilotinib,E255K_nilotinib,1.2699999809265137,0.699358968436718
E255V_nilotinib,E255V_nilotinib,2.359999895095825,0.9507873088121415
V299L_nilotinib,V299L_nilotinib,0.2800000011920929,0.9613554015755653
T315A_nilotinib,T315A_nilotinib,0.7200000286102295,0.818874154984951
T315I_nilotinib,T315I_nilotinib,3.75,1.1007743984460832
F317C_nilotinib,F317C_nilotinib,0.0399999991059303,0.6308670662343502
F317I_nilotinib,F317I_nilotinib,0.3000000119209289,0.2638841807842255
F317L_nilotinib,F317L_nilotinib,0.20000000298023218,0.4484244672581553
F317V_nilotinib,F317V_nilotinib,0.3300000131130218,1.2440366938710212
M351T_nilotinib,M351T_nilotinib,0.0,0.6808374742045998
E355A_nilotinib,E355A_nilotinib,0.10999999940395351,0.5997621918097138
F359C_nilotinib,F359C_nilotinib,0.6800000071525574,0.4515335068106651
F359I_nilotinib,F359I_nilotinib,0.8600000143051147,0.1546143352985382
F359V_nilotinib,F359V_nilotinib,0.6000000238418579,0.1999310553073883
H396R_nilotinib,H396R_nilotinib,0.25,0.5022756876423955
E459K_nilotinib,E459K_nilotinib,0.550000011920929,0.44907222837209704
