expName,afName,exp,alterPred_avg
M244V_ponatinib,M244V_ponatinib,0.0,0.18735761046409607
L248R_ponatinib,L248R_ponatinib,0.5799999833106995,1.601189987361431
L248V_ponatinib,L248V_ponatinib,0.1700000017881393,0.4428754031658172
G250E_ponatinib,G250E_ponatinib,0.3000000119209289,0.38013081774115565
Y253F_ponatinib,Y253F_ponatinib,0.3000000119209289,0.31016086414456356
E255K_ponatinib,E255K_ponatinib,0.4099999964237213,0.2924888625741005
E255V_ponatinib,E255V_ponatinib,1.0,1.0194456920027732
V299L_ponatinib,V299L_ponatinib,0.1700000017881393,0.5631234556436538
T315A_ponatinib,T315A_ponatinib,0.1700000017881393,0.5950081005692482
T315I_ponatinib,T315I_ponatinib,0.4099999964237213,1.0149621367454529
F317C_ponatinib,F317C_ponatinib,0.0,0.4222715198993683
F317I_ponatinib,F317I_ponatinib,0.5099999904632568,0.2670795824378729
F317L_ponatinib,F317L_ponatinib,0.1700000017881393,0.4019779443740844
F317V_ponatinib,F317V_ponatinib,0.7200000286102295,0.8524910192936659
M351T_ponatinib,M351T_ponatinib,0.1700000017881393,0.29769098460674287
E355A_ponatinib,E355A_ponatinib,0.5099999904632568,0.30234166197478773
F359C_ponatinib,F359C_ponatinib,0.4099999964237213,0.25586170218884946
F359I_ponatinib,F359I_ponatinib,0.7699999809265137,0.2249299585819245
F359V_ponatinib,F359V_ponatinib,0.1700000017881393,0.2567224517464638
H396R_ponatinib,H396R_ponatinib,0.1700000017881393,0.3033496256917715
E459K_ponatinib,E459K_ponatinib,0.3000000119209289,0.5403644829988481
