expName,afName,exp,alterPred_avg
M244V_axitinib,M244V_axitinib,-0.10999999940395351,0.31924938410520554
L248R_axitinib,L248R_axitinib,0.3100000023841858,1.2820294082164765
L248V_axitinib,L248V_axitinib,0.3199999928474426,0.6265236556529998
G250E_axitinib,G250E_axitinib,0.270000010728836,0.38375972509384154
Q252H_axitinib,Q252H_axitinib,0.20000000298023218,0.4183212792500853
Y253F_axitinib,Y253F_axitinib,0.2599999904632568,0.38000933825969696
Y253H_axitinib,Y253H_axitinib,0.0299999993294477,0.45144445239566267
E255K_axitinib,E255K_axitinib,0.2599999904632568,0.360552914440632
E255V_axitinib,E255V_axitinib,0.3000000119209289,1.2347528010606765
D276G_axitinib,D276G_axitinib,0.1800000071525573,0.391531596891582
E279K_axitinib,E279K_axitinib,-0.0299999993294477,1.2574955336749554
E292L_axitinib,E292L_axitinib,0.0299999993294477,0.41475326791405676
V299L_axitinib,V299L_axitinib,-0.8799999952316284,1.1469902463257313
T315A_axitinib,T315A_axitinib,-0.44999998807907093,0.5457172393798828
T315I_axitinib,T315I_axitinib,-1.2699999809265137,2.3453314185142515
T315V_axitinib,T315V_axitinib,-1.7300000190734863,0.5589994273381308
F317L_axitinib,F317L_axitinib,0.23000000417232508,0.26283196061849595
F317R_axitinib,F317R_axitinib,0.270000010728836,0.6571520149707795
F317V_axitinib,F317V_axitinib,0.2800000011920929,1.1719773545861245
M343T_axitinib,M343T_axitinib,0.209999993443489,0.35959473848342893
M351T_axitinib,M351T_axitinib,-0.2399999946355819,0.3822931626811622
F359I_axitinib,F359I_axitinib,0.10000000149011609,0.4232171997427939
F359V_axitinib,F359V_axitinib,0.0700000002980232,0.3872670006006956
L384M_axitinib,L384M_axitinib,0.0599999986588954,0.3919164799153804
H396R_axitinib,H396R_axitinib,0.25,0.3909067127853632
F486S_axitinib,F486S_axitinib,0.05000000074505799,1.1064700730144978
